--
-- PostgreSQL database dump
--

\restrict fmeabOVouJ5vMSM00GjaLYxaP3DeVFqytQg8G4DlHBpCvV9dXglvEfJf0xA0aiM

-- Dumped from database version 18.3
-- Dumped by pg_dump version 18.3

-- Started on 2026-05-14 22:56:19

SET statement_timeout = 0;
SET lock_timeout = 0;
SET idle_in_transaction_session_timeout = 0;
SET transaction_timeout = 0;
SET client_encoding = 'UTF8';
SET standard_conforming_strings = on;
SELECT pg_catalog.set_config('search_path', '', false);
SET check_function_bodies = false;
SET xmloption = content;
SET client_min_messages = warning;
SET row_security = off;

SET default_tablespace = '';

SET default_table_access_method = heap;

--
-- TOC entry 238 (class 1259 OID 16559)
-- Name: app_member; Type: TABLE; Schema: public; Owner: member
--

CREATE TABLE public.app_member (
    id bigint NOT NULL,
    name character varying(255) NOT NULL,
    description text NOT NULL
);


ALTER TABLE public.app_member OWNER TO member;

--
-- TOC entry 237 (class 1259 OID 16558)
-- Name: app_member_id_seq; Type: SEQUENCE; Schema: public; Owner: member
--

ALTER TABLE public.app_member ALTER COLUMN id ADD GENERATED BY DEFAULT AS IDENTITY (
    SEQUENCE NAME public.app_member_id_seq
    START WITH 1
    INCREMENT BY 1
    NO MINVALUE
    NO MAXVALUE
    CACHE 1
);


--
-- TOC entry 226 (class 1259 OID 16424)
-- Name: auth_group; Type: TABLE; Schema: public; Owner: member
--

CREATE TABLE public.auth_group (
    id integer NOT NULL,
    name character varying(150) NOT NULL
);


ALTER TABLE public.auth_group OWNER TO member;

--
-- TOC entry 225 (class 1259 OID 16423)
-- Name: auth_group_id_seq; Type: SEQUENCE; Schema: public; Owner: member
--

ALTER TABLE public.auth_group ALTER COLUMN id ADD GENERATED BY DEFAULT AS IDENTITY (
    SEQUENCE NAME public.auth_group_id_seq
    START WITH 1
    INCREMENT BY 1
    NO MINVALUE
    NO MAXVALUE
    CACHE 1
);


--
-- TOC entry 228 (class 1259 OID 16434)
-- Name: auth_group_permissions; Type: TABLE; Schema: public; Owner: member
--

CREATE TABLE public.auth_group_permissions (
    id bigint NOT NULL,
    group_id integer NOT NULL,
    permission_id integer NOT NULL
);


ALTER TABLE public.auth_group_permissions OWNER TO member;

--
-- TOC entry 227 (class 1259 OID 16433)
-- Name: auth_group_permissions_id_seq; Type: SEQUENCE; Schema: public; Owner: member
--

ALTER TABLE public.auth_group_permissions ALTER COLUMN id ADD GENERATED BY DEFAULT AS IDENTITY (
    SEQUENCE NAME public.auth_group_permissions_id_seq
    START WITH 1
    INCREMENT BY 1
    NO MINVALUE
    NO MAXVALUE
    CACHE 1
);


--
-- TOC entry 224 (class 1259 OID 16414)
-- Name: auth_permission; Type: TABLE; Schema: public; Owner: member
--

CREATE TABLE public.auth_permission (
    id integer NOT NULL,
    name character varying(255) NOT NULL,
    content_type_id integer NOT NULL,
    codename character varying(100) NOT NULL
);


ALTER TABLE public.auth_permission OWNER TO member;

--
-- TOC entry 223 (class 1259 OID 16413)
-- Name: auth_permission_id_seq; Type: SEQUENCE; Schema: public; Owner: member
--

ALTER TABLE public.auth_permission ALTER COLUMN id ADD GENERATED BY DEFAULT AS IDENTITY (
    SEQUENCE NAME public.auth_permission_id_seq
    START WITH 1
    INCREMENT BY 1
    NO MINVALUE
    NO MAXVALUE
    CACHE 1
);


--
-- TOC entry 230 (class 1259 OID 16443)
-- Name: auth_user; Type: TABLE; Schema: public; Owner: member
--

CREATE TABLE public.auth_user (
    id integer NOT NULL,
    password character varying(128) NOT NULL,
    last_login timestamp with time zone,
    is_superuser boolean NOT NULL,
    username character varying(150) NOT NULL,
    first_name character varying(150) NOT NULL,
    last_name character varying(150) NOT NULL,
    email character varying(254) NOT NULL,
    is_staff boolean NOT NULL,
    is_active boolean NOT NULL,
    date_joined timestamp with time zone NOT NULL
);


ALTER TABLE public.auth_user OWNER TO member;

--
-- TOC entry 232 (class 1259 OID 16462)
-- Name: auth_user_groups; Type: TABLE; Schema: public; Owner: member
--

CREATE TABLE public.auth_user_groups (
    id bigint NOT NULL,
    user_id integer NOT NULL,
    group_id integer NOT NULL
);


ALTER TABLE public.auth_user_groups OWNER TO member;

--
-- TOC entry 231 (class 1259 OID 16461)
-- Name: auth_user_groups_id_seq; Type: SEQUENCE; Schema: public; Owner: member
--

ALTER TABLE public.auth_user_groups ALTER COLUMN id ADD GENERATED BY DEFAULT AS IDENTITY (
    SEQUENCE NAME public.auth_user_groups_id_seq
    START WITH 1
    INCREMENT BY 1
    NO MINVALUE
    NO MAXVALUE
    CACHE 1
);


--
-- TOC entry 229 (class 1259 OID 16442)
-- Name: auth_user_id_seq; Type: SEQUENCE; Schema: public; Owner: member
--

ALTER TABLE public.auth_user ALTER COLUMN id ADD GENERATED BY DEFAULT AS IDENTITY (
    SEQUENCE NAME public.auth_user_id_seq
    START WITH 1
    INCREMENT BY 1
    NO MINVALUE
    NO MAXVALUE
    CACHE 1
);


--
-- TOC entry 234 (class 1259 OID 16471)
-- Name: auth_user_user_permissions; Type: TABLE; Schema: public; Owner: member
--

CREATE TABLE public.auth_user_user_permissions (
    id bigint NOT NULL,
    user_id integer NOT NULL,
    permission_id integer NOT NULL
);


ALTER TABLE public.auth_user_user_permissions OWNER TO member;

--
-- TOC entry 233 (class 1259 OID 16470)
-- Name: auth_user_user_permissions_id_seq; Type: SEQUENCE; Schema: public; Owner: member
--

ALTER TABLE public.auth_user_user_permissions ALTER COLUMN id ADD GENERATED BY DEFAULT AS IDENTITY (
    SEQUENCE NAME public.auth_user_user_permissions_id_seq
    START WITH 1
    INCREMENT BY 1
    NO MINVALUE
    NO MAXVALUE
    CACHE 1
);


--
-- TOC entry 236 (class 1259 OID 16532)
-- Name: django_admin_log; Type: TABLE; Schema: public; Owner: member
--

CREATE TABLE public.django_admin_log (
    id integer NOT NULL,
    action_time timestamp with time zone NOT NULL,
    object_id text,
    object_repr character varying(200) NOT NULL,
    action_flag smallint NOT NULL,
    change_message text NOT NULL,
    content_type_id integer,
    user_id integer NOT NULL,
    CONSTRAINT django_admin_log_action_flag_check CHECK ((action_flag >= 0))
);


ALTER TABLE public.django_admin_log OWNER TO member;

--
-- TOC entry 235 (class 1259 OID 16531)
-- Name: django_admin_log_id_seq; Type: SEQUENCE; Schema: public; Owner: member
--

ALTER TABLE public.django_admin_log ALTER COLUMN id ADD GENERATED BY DEFAULT AS IDENTITY (
    SEQUENCE NAME public.django_admin_log_id_seq
    START WITH 1
    INCREMENT BY 1
    NO MINVALUE
    NO MAXVALUE
    CACHE 1
);


--
-- TOC entry 222 (class 1259 OID 16402)
-- Name: django_content_type; Type: TABLE; Schema: public; Owner: member
--

CREATE TABLE public.django_content_type (
    id integer NOT NULL,
    app_label character varying(100) NOT NULL,
    model character varying(100) NOT NULL
);


ALTER TABLE public.django_content_type OWNER TO member;

--
-- TOC entry 221 (class 1259 OID 16401)
-- Name: django_content_type_id_seq; Type: SEQUENCE; Schema: public; Owner: member
--

ALTER TABLE public.django_content_type ALTER COLUMN id ADD GENERATED BY DEFAULT AS IDENTITY (
    SEQUENCE NAME public.django_content_type_id_seq
    START WITH 1
    INCREMENT BY 1
    NO MINVALUE
    NO MAXVALUE
    CACHE 1
);


--
-- TOC entry 220 (class 1259 OID 16390)
-- Name: django_migrations; Type: TABLE; Schema: public; Owner: member
--

CREATE TABLE public.django_migrations (
    id bigint NOT NULL,
    app character varying(255) NOT NULL,
    name character varying(255) NOT NULL,
    applied timestamp with time zone NOT NULL
);


ALTER TABLE public.django_migrations OWNER TO member;

--
-- TOC entry 219 (class 1259 OID 16389)
-- Name: django_migrations_id_seq; Type: SEQUENCE; Schema: public; Owner: member
--

ALTER TABLE public.django_migrations ALTER COLUMN id ADD GENERATED BY DEFAULT AS IDENTITY (
    SEQUENCE NAME public.django_migrations_id_seq
    START WITH 1
    INCREMENT BY 1
    NO MINVALUE
    NO MAXVALUE
    CACHE 1
);


--
-- TOC entry 239 (class 1259 OID 16583)
-- Name: django_session; Type: TABLE; Schema: public; Owner: member
--

CREATE TABLE public.django_session (
    session_key character varying(40) NOT NULL,
    session_data text NOT NULL,
    expire_date timestamp with time zone NOT NULL
);


ALTER TABLE public.django_session OWNER TO member;

--
-- TOC entry 5130 (class 0 OID 16559)
-- Dependencies: 238
-- Data for Name: app_member; Type: TABLE DATA; Schema: public; Owner: member
--

COPY public.app_member (id, name, description) FROM stdin;
1	Juan Luna	Juan Luna is a BSIT student.
2	Roni Magiting	Roni is also BS IT student.
3	Debu Maliksi	Debu is a BS CS student.
\.


--
-- TOC entry 5118 (class 0 OID 16424)
-- Dependencies: 226
-- Data for Name: auth_group; Type: TABLE DATA; Schema: public; Owner: member
--

COPY public.auth_group (id, name) FROM stdin;
\.


--
-- TOC entry 5120 (class 0 OID 16434)
-- Dependencies: 228
-- Data for Name: auth_group_permissions; Type: TABLE DATA; Schema: public; Owner: member
--

COPY public.auth_group_permissions (id, group_id, permission_id) FROM stdin;
\.


--
-- TOC entry 5116 (class 0 OID 16414)
-- Dependencies: 224
-- Data for Name: auth_permission; Type: TABLE DATA; Schema: public; Owner: member
--

COPY public.auth_permission (id, name, content_type_id, codename) FROM stdin;
1	Can add log entry	1	add_logentry
2	Can change log entry	1	change_logentry
3	Can delete log entry	1	delete_logentry
4	Can view log entry	1	view_logentry
5	Can add permission	3	add_permission
6	Can change permission	3	change_permission
7	Can delete permission	3	delete_permission
8	Can view permission	3	view_permission
9	Can add group	2	add_group
10	Can change group	2	change_group
11	Can delete group	2	delete_group
12	Can view group	2	view_group
13	Can add user	4	add_user
14	Can change user	4	change_user
15	Can delete user	4	delete_user
16	Can view user	4	view_user
17	Can add content type	5	add_contenttype
18	Can change content type	5	change_contenttype
19	Can delete content type	5	delete_contenttype
20	Can view content type	5	view_contenttype
21	Can add session	6	add_session
22	Can change session	6	change_session
23	Can delete session	6	delete_session
24	Can view session	6	view_session
25	Can add member	7	add_member
26	Can change member	7	change_member
27	Can delete member	7	delete_member
28	Can view member	7	view_member
\.


--
-- TOC entry 5122 (class 0 OID 16443)
-- Dependencies: 230
-- Data for Name: auth_user; Type: TABLE DATA; Schema: public; Owner: member
--

COPY public.auth_user (id, password, last_login, is_superuser, username, first_name, last_name, email, is_staff, is_active, date_joined) FROM stdin;
1	pbkdf2_sha256$1200000$wwg6Kx6PDXlkGVE7sVI1LT$LntwqvrqqfQJeAkS9AuXl7tvv2c6/AbSDUbpgxEpJWM=	2026-05-14 22:06:03.477223+08	t	admin			erignacio@gbox.adnu.edu.ph	t	t	2026-05-14 22:03:16.456621+08
\.


--
-- TOC entry 5124 (class 0 OID 16462)
-- Dependencies: 232
-- Data for Name: auth_user_groups; Type: TABLE DATA; Schema: public; Owner: member
--

COPY public.auth_user_groups (id, user_id, group_id) FROM stdin;
\.


--
-- TOC entry 5126 (class 0 OID 16471)
-- Dependencies: 234
-- Data for Name: auth_user_user_permissions; Type: TABLE DATA; Schema: public; Owner: member
--

COPY public.auth_user_user_permissions (id, user_id, permission_id) FROM stdin;
\.


--
-- TOC entry 5128 (class 0 OID 16532)
-- Dependencies: 236
-- Data for Name: django_admin_log; Type: TABLE DATA; Schema: public; Owner: member
--

COPY public.django_admin_log (id, action_time, object_id, object_repr, action_flag, change_message, content_type_id, user_id) FROM stdin;
1	2026-05-14 22:12:34.706317+08	1	Juan Luna	1	[{"added": {}}]	7	1
\.


--
-- TOC entry 5114 (class 0 OID 16402)
-- Dependencies: 222
-- Data for Name: django_content_type; Type: TABLE DATA; Schema: public; Owner: member
--

COPY public.django_content_type (id, app_label, model) FROM stdin;
1	admin	logentry
2	auth	group
3	auth	permission
4	auth	user
5	contenttypes	contenttype
6	sessions	session
7	app	member
\.


--
-- TOC entry 5112 (class 0 OID 16390)
-- Dependencies: 220
-- Data for Name: django_migrations; Type: TABLE DATA; Schema: public; Owner: member
--

COPY public.django_migrations (id, app, name, applied) FROM stdin;
1	contenttypes	0001_initial	2026-05-14 22:00:25.118238+08
2	auth	0001_initial	2026-05-14 22:00:25.411049+08
3	admin	0001_initial	2026-05-14 22:00:25.463978+08
4	admin	0002_logentry_remove_auto_add	2026-05-14 22:00:25.478575+08
5	admin	0003_logentry_add_action_flag_choices	2026-05-14 22:00:25.491498+08
6	app	0001_initial	2026-05-14 22:00:25.512298+08
7	contenttypes	0002_remove_content_type_name	2026-05-14 22:00:25.562557+08
8	auth	0002_alter_permission_name_max_length	2026-05-14 22:00:25.58126+08
9	auth	0003_alter_user_email_max_length	2026-05-14 22:00:25.597775+08
10	auth	0004_alter_user_username_opts	2026-05-14 22:00:25.610704+08
11	auth	0005_alter_user_last_login_null	2026-05-14 22:00:25.637097+08
12	auth	0006_require_contenttypes_0002	2026-05-14 22:00:25.638898+08
13	auth	0007_alter_validators_add_error_messages	2026-05-14 22:00:25.650237+08
14	auth	0008_alter_user_username_max_length	2026-05-14 22:00:25.701819+08
15	auth	0009_alter_user_last_name_max_length	2026-05-14 22:00:25.724783+08
16	auth	0010_alter_group_name_max_length	2026-05-14 22:00:25.739373+08
17	auth	0011_update_proxy_permissions	2026-05-14 22:00:25.751083+08
18	auth	0012_alter_user_first_name_max_length	2026-05-14 22:00:25.766548+08
19	sessions	0001_initial	2026-05-14 22:00:25.794376+08
\.


--
-- TOC entry 5131 (class 0 OID 16583)
-- Dependencies: 239
-- Data for Name: django_session; Type: TABLE DATA; Schema: public; Owner: member
--

COPY public.django_session (session_key, session_data, expire_date) FROM stdin;
j78ekf4ny0ehu81zj0ljcvefzdyfpcev	.eJxVjDEOgzAMAP_iuYoCSXDD2J03RLbjFNoKJAJT1b9XSAztene6NyTatzHtVdc0ZeihgcsvY5KnzofID5rvi5Fl3taJzZGY01YzLFlft7P9G4xUR-jBN9I5RKLoULN1MSO5RktsfUscmdgHlStKCMW2XSlWrA9iMwZS9AyfL-TKOCw:1wNWhP:yo6FoqJCNIwx9zuNTLtqcbWiphH0bmw0v8AEBUwAqVg	2026-05-28 22:06:03.501398+08
\.


--
-- TOC entry 5137 (class 0 OID 0)
-- Dependencies: 237
-- Name: app_member_id_seq; Type: SEQUENCE SET; Schema: public; Owner: member
--

SELECT pg_catalog.setval('public.app_member_id_seq', 1, true);


--
-- TOC entry 5138 (class 0 OID 0)
-- Dependencies: 225
-- Name: auth_group_id_seq; Type: SEQUENCE SET; Schema: public; Owner: member
--

SELECT pg_catalog.setval('public.auth_group_id_seq', 1, false);


--
-- TOC entry 5139 (class 0 OID 0)
-- Dependencies: 227
-- Name: auth_group_permissions_id_seq; Type: SEQUENCE SET; Schema: public; Owner: member
--

SELECT pg_catalog.setval('public.auth_group_permissions_id_seq', 1, false);


--
-- TOC entry 5140 (class 0 OID 0)
-- Dependencies: 223
-- Name: auth_permission_id_seq; Type: SEQUENCE SET; Schema: public; Owner: member
--

SELECT pg_catalog.setval('public.auth_permission_id_seq', 28, true);


--
-- TOC entry 5141 (class 0 OID 0)
-- Dependencies: 231
-- Name: auth_user_groups_id_seq; Type: SEQUENCE SET; Schema: public; Owner: member
--

SELECT pg_catalog.setval('public.auth_user_groups_id_seq', 1, false);


--
-- TOC entry 5142 (class 0 OID 0)
-- Dependencies: 229
-- Name: auth_user_id_seq; Type: SEQUENCE SET; Schema: public; Owner: member
--

SELECT pg_catalog.setval('public.auth_user_id_seq', 1, true);


--
-- TOC entry 5143 (class 0 OID 0)
-- Dependencies: 233
-- Name: auth_user_user_permissions_id_seq; Type: SEQUENCE SET; Schema: public; Owner: member
--

SELECT pg_catalog.setval('public.auth_user_user_permissions_id_seq', 1, false);


--
-- TOC entry 5144 (class 0 OID 0)
-- Dependencies: 235
-- Name: django_admin_log_id_seq; Type: SEQUENCE SET; Schema: public; Owner: member
--

SELECT pg_catalog.setval('public.django_admin_log_id_seq', 1, true);


--
-- TOC entry 5145 (class 0 OID 0)
-- Dependencies: 221
-- Name: django_content_type_id_seq; Type: SEQUENCE SET; Schema: public; Owner: member
--

SELECT pg_catalog.setval('public.django_content_type_id_seq', 7, true);


--
-- TOC entry 5146 (class 0 OID 0)
-- Dependencies: 219
-- Name: django_migrations_id_seq; Type: SEQUENCE SET; Schema: public; Owner: member
--

SELECT pg_catalog.setval('public.django_migrations_id_seq', 19, true);


--
-- TOC entry 4950 (class 2606 OID 16568)
-- Name: app_member app_member_pkey; Type: CONSTRAINT; Schema: public; Owner: member
--

ALTER TABLE ONLY public.app_member
    ADD CONSTRAINT app_member_pkey PRIMARY KEY (id);


--
-- TOC entry 4919 (class 2606 OID 16579)
-- Name: auth_group auth_group_name_key; Type: CONSTRAINT; Schema: public; Owner: member
--

ALTER TABLE ONLY public.auth_group
    ADD CONSTRAINT auth_group_name_key UNIQUE (name);


--
-- TOC entry 4924 (class 2606 OID 16489)
-- Name: auth_group_permissions auth_group_permissions_group_id_permission_id_0cd325b0_uniq; Type: CONSTRAINT; Schema: public; Owner: member
--

ALTER TABLE ONLY public.auth_group_permissions
    ADD CONSTRAINT auth_group_permissions_group_id_permission_id_0cd325b0_uniq UNIQUE (group_id, permission_id);


--
-- TOC entry 4927 (class 2606 OID 16441)
-- Name: auth_group_permissions auth_group_permissions_pkey; Type: CONSTRAINT; Schema: public; Owner: member
--

ALTER TABLE ONLY public.auth_group_permissions
    ADD CONSTRAINT auth_group_permissions_pkey PRIMARY KEY (id);


--
-- TOC entry 4921 (class 2606 OID 16430)
-- Name: auth_group auth_group_pkey; Type: CONSTRAINT; Schema: public; Owner: member
--

ALTER TABLE ONLY public.auth_group
    ADD CONSTRAINT auth_group_pkey PRIMARY KEY (id);


--
-- TOC entry 4914 (class 2606 OID 16480)
-- Name: auth_permission auth_permission_content_type_id_codename_01ab375a_uniq; Type: CONSTRAINT; Schema: public; Owner: member
--

ALTER TABLE ONLY public.auth_permission
    ADD CONSTRAINT auth_permission_content_type_id_codename_01ab375a_uniq UNIQUE (content_type_id, codename);


--
-- TOC entry 4916 (class 2606 OID 16422)
-- Name: auth_permission auth_permission_pkey; Type: CONSTRAINT; Schema: public; Owner: member
--

ALTER TABLE ONLY public.auth_permission
    ADD CONSTRAINT auth_permission_pkey PRIMARY KEY (id);


--
-- TOC entry 4935 (class 2606 OID 16469)
-- Name: auth_user_groups auth_user_groups_pkey; Type: CONSTRAINT; Schema: public; Owner: member
--

ALTER TABLE ONLY public.auth_user_groups
    ADD CONSTRAINT auth_user_groups_pkey PRIMARY KEY (id);


--
-- TOC entry 4938 (class 2606 OID 16504)
-- Name: auth_user_groups auth_user_groups_user_id_group_id_94350c0c_uniq; Type: CONSTRAINT; Schema: public; Owner: member
--

ALTER TABLE ONLY public.auth_user_groups
    ADD CONSTRAINT auth_user_groups_user_id_group_id_94350c0c_uniq UNIQUE (user_id, group_id);


--
-- TOC entry 4929 (class 2606 OID 16458)
-- Name: auth_user auth_user_pkey; Type: CONSTRAINT; Schema: public; Owner: member
--

ALTER TABLE ONLY public.auth_user
    ADD CONSTRAINT auth_user_pkey PRIMARY KEY (id);


--
-- TOC entry 4941 (class 2606 OID 16478)
-- Name: auth_user_user_permissions auth_user_user_permissions_pkey; Type: CONSTRAINT; Schema: public; Owner: member
--

ALTER TABLE ONLY public.auth_user_user_permissions
    ADD CONSTRAINT auth_user_user_permissions_pkey PRIMARY KEY (id);


--
-- TOC entry 4944 (class 2606 OID 16518)
-- Name: auth_user_user_permissions auth_user_user_permissions_user_id_permission_id_14a6b632_uniq; Type: CONSTRAINT; Schema: public; Owner: member
--

ALTER TABLE ONLY public.auth_user_user_permissions
    ADD CONSTRAINT auth_user_user_permissions_user_id_permission_id_14a6b632_uniq UNIQUE (user_id, permission_id);


--
-- TOC entry 4932 (class 2606 OID 16572)
-- Name: auth_user auth_user_username_key; Type: CONSTRAINT; Schema: public; Owner: member
--

ALTER TABLE ONLY public.auth_user
    ADD CONSTRAINT auth_user_username_key UNIQUE (username);


--
-- TOC entry 4947 (class 2606 OID 16545)
-- Name: django_admin_log django_admin_log_pkey; Type: CONSTRAINT; Schema: public; Owner: member
--

ALTER TABLE ONLY public.django_admin_log
    ADD CONSTRAINT django_admin_log_pkey PRIMARY KEY (id);


--
-- TOC entry 4909 (class 2606 OID 16412)
-- Name: django_content_type django_content_type_app_label_model_76bd3d3b_uniq; Type: CONSTRAINT; Schema: public; Owner: member
--

ALTER TABLE ONLY public.django_content_type
    ADD CONSTRAINT django_content_type_app_label_model_76bd3d3b_uniq UNIQUE (app_label, model);


--
-- TOC entry 4911 (class 2606 OID 16410)
-- Name: django_content_type django_content_type_pkey; Type: CONSTRAINT; Schema: public; Owner: member
--

ALTER TABLE ONLY public.django_content_type
    ADD CONSTRAINT django_content_type_pkey PRIMARY KEY (id);


--
-- TOC entry 4907 (class 2606 OID 16400)
-- Name: django_migrations django_migrations_pkey; Type: CONSTRAINT; Schema: public; Owner: member
--

ALTER TABLE ONLY public.django_migrations
    ADD CONSTRAINT django_migrations_pkey PRIMARY KEY (id);


--
-- TOC entry 4953 (class 2606 OID 16592)
-- Name: django_session django_session_pkey; Type: CONSTRAINT; Schema: public; Owner: member
--

ALTER TABLE ONLY public.django_session
    ADD CONSTRAINT django_session_pkey PRIMARY KEY (session_key);


--
-- TOC entry 4917 (class 1259 OID 16580)
-- Name: auth_group_name_a6ea08ec_like; Type: INDEX; Schema: public; Owner: member
--

CREATE INDEX auth_group_name_a6ea08ec_like ON public.auth_group USING btree (name varchar_pattern_ops);


--
-- TOC entry 4922 (class 1259 OID 16500)
-- Name: auth_group_permissions_group_id_b120cbf9; Type: INDEX; Schema: public; Owner: member
--

CREATE INDEX auth_group_permissions_group_id_b120cbf9 ON public.auth_group_permissions USING btree (group_id);


--
-- TOC entry 4925 (class 1259 OID 16501)
-- Name: auth_group_permissions_permission_id_84c5c92e; Type: INDEX; Schema: public; Owner: member
--

CREATE INDEX auth_group_permissions_permission_id_84c5c92e ON public.auth_group_permissions USING btree (permission_id);


--
-- TOC entry 4912 (class 1259 OID 16486)
-- Name: auth_permission_content_type_id_2f476e4b; Type: INDEX; Schema: public; Owner: member
--

CREATE INDEX auth_permission_content_type_id_2f476e4b ON public.auth_permission USING btree (content_type_id);


--
-- TOC entry 4933 (class 1259 OID 16516)
-- Name: auth_user_groups_group_id_97559544; Type: INDEX; Schema: public; Owner: member
--

CREATE INDEX auth_user_groups_group_id_97559544 ON public.auth_user_groups USING btree (group_id);


--
-- TOC entry 4936 (class 1259 OID 16515)
-- Name: auth_user_groups_user_id_6a12ed8b; Type: INDEX; Schema: public; Owner: member
--

CREATE INDEX auth_user_groups_user_id_6a12ed8b ON public.auth_user_groups USING btree (user_id);


--
-- TOC entry 4939 (class 1259 OID 16530)
-- Name: auth_user_user_permissions_permission_id_1fbb5f2c; Type: INDEX; Schema: public; Owner: member
--

CREATE INDEX auth_user_user_permissions_permission_id_1fbb5f2c ON public.auth_user_user_permissions USING btree (permission_id);


--
-- TOC entry 4942 (class 1259 OID 16529)
-- Name: auth_user_user_permissions_user_id_a95ead1b; Type: INDEX; Schema: public; Owner: member
--

CREATE INDEX auth_user_user_permissions_user_id_a95ead1b ON public.auth_user_user_permissions USING btree (user_id);


--
-- TOC entry 4930 (class 1259 OID 16573)
-- Name: auth_user_username_6821ab7c_like; Type: INDEX; Schema: public; Owner: member
--

CREATE INDEX auth_user_username_6821ab7c_like ON public.auth_user USING btree (username varchar_pattern_ops);


--
-- TOC entry 4945 (class 1259 OID 16556)
-- Name: django_admin_log_content_type_id_c4bce8eb; Type: INDEX; Schema: public; Owner: member
--

CREATE INDEX django_admin_log_content_type_id_c4bce8eb ON public.django_admin_log USING btree (content_type_id);


--
-- TOC entry 4948 (class 1259 OID 16557)
-- Name: django_admin_log_user_id_c564eba6; Type: INDEX; Schema: public; Owner: member
--

CREATE INDEX django_admin_log_user_id_c564eba6 ON public.django_admin_log USING btree (user_id);


--
-- TOC entry 4951 (class 1259 OID 16594)
-- Name: django_session_expire_date_a5c62663; Type: INDEX; Schema: public; Owner: member
--

CREATE INDEX django_session_expire_date_a5c62663 ON public.django_session USING btree (expire_date);


--
-- TOC entry 4954 (class 1259 OID 16593)
-- Name: django_session_session_key_c0390e0f_like; Type: INDEX; Schema: public; Owner: member
--

CREATE INDEX django_session_session_key_c0390e0f_like ON public.django_session USING btree (session_key varchar_pattern_ops);


--
-- TOC entry 4956 (class 2606 OID 16495)
-- Name: auth_group_permissions auth_group_permissio_permission_id_84c5c92e_fk_auth_perm; Type: FK CONSTRAINT; Schema: public; Owner: member
--

ALTER TABLE ONLY public.auth_group_permissions
    ADD CONSTRAINT auth_group_permissio_permission_id_84c5c92e_fk_auth_perm FOREIGN KEY (permission_id) REFERENCES public.auth_permission(id) DEFERRABLE INITIALLY DEFERRED;


--
-- TOC entry 4957 (class 2606 OID 16490)
-- Name: auth_group_permissions auth_group_permissions_group_id_b120cbf9_fk_auth_group_id; Type: FK CONSTRAINT; Schema: public; Owner: member
--

ALTER TABLE ONLY public.auth_group_permissions
    ADD CONSTRAINT auth_group_permissions_group_id_b120cbf9_fk_auth_group_id FOREIGN KEY (group_id) REFERENCES public.auth_group(id) DEFERRABLE INITIALLY DEFERRED;


--
-- TOC entry 4955 (class 2606 OID 16481)
-- Name: auth_permission auth_permission_content_type_id_2f476e4b_fk_django_co; Type: FK CONSTRAINT; Schema: public; Owner: member
--

ALTER TABLE ONLY public.auth_permission
    ADD CONSTRAINT auth_permission_content_type_id_2f476e4b_fk_django_co FOREIGN KEY (content_type_id) REFERENCES public.django_content_type(id) DEFERRABLE INITIALLY DEFERRED;


--
-- TOC entry 4958 (class 2606 OID 16510)
-- Name: auth_user_groups auth_user_groups_group_id_97559544_fk_auth_group_id; Type: FK CONSTRAINT; Schema: public; Owner: member
--

ALTER TABLE ONLY public.auth_user_groups
    ADD CONSTRAINT auth_user_groups_group_id_97559544_fk_auth_group_id FOREIGN KEY (group_id) REFERENCES public.auth_group(id) DEFERRABLE INITIALLY DEFERRED;


--
-- TOC entry 4959 (class 2606 OID 16505)
-- Name: auth_user_groups auth_user_groups_user_id_6a12ed8b_fk_auth_user_id; Type: FK CONSTRAINT; Schema: public; Owner: member
--

ALTER TABLE ONLY public.auth_user_groups
    ADD CONSTRAINT auth_user_groups_user_id_6a12ed8b_fk_auth_user_id FOREIGN KEY (user_id) REFERENCES public.auth_user(id) DEFERRABLE INITIALLY DEFERRED;


--
-- TOC entry 4960 (class 2606 OID 16524)
-- Name: auth_user_user_permissions auth_user_user_permi_permission_id_1fbb5f2c_fk_auth_perm; Type: FK CONSTRAINT; Schema: public; Owner: member
--

ALTER TABLE ONLY public.auth_user_user_permissions
    ADD CONSTRAINT auth_user_user_permi_permission_id_1fbb5f2c_fk_auth_perm FOREIGN KEY (permission_id) REFERENCES public.auth_permission(id) DEFERRABLE INITIALLY DEFERRED;


--
-- TOC entry 4961 (class 2606 OID 16519)
-- Name: auth_user_user_permissions auth_user_user_permissions_user_id_a95ead1b_fk_auth_user_id; Type: FK CONSTRAINT; Schema: public; Owner: member
--

ALTER TABLE ONLY public.auth_user_user_permissions
    ADD CONSTRAINT auth_user_user_permissions_user_id_a95ead1b_fk_auth_user_id FOREIGN KEY (user_id) REFERENCES public.auth_user(id) DEFERRABLE INITIALLY DEFERRED;


--
-- TOC entry 4962 (class 2606 OID 16546)
-- Name: django_admin_log django_admin_log_content_type_id_c4bce8eb_fk_django_co; Type: FK CONSTRAINT; Schema: public; Owner: member
--

ALTER TABLE ONLY public.django_admin_log
    ADD CONSTRAINT django_admin_log_content_type_id_c4bce8eb_fk_django_co FOREIGN KEY (content_type_id) REFERENCES public.django_content_type(id) DEFERRABLE INITIALLY DEFERRED;


--
-- TOC entry 4963 (class 2606 OID 16551)
-- Name: django_admin_log django_admin_log_user_id_c564eba6_fk_auth_user_id; Type: FK CONSTRAINT; Schema: public; Owner: member
--

ALTER TABLE ONLY public.django_admin_log
    ADD CONSTRAINT django_admin_log_user_id_c564eba6_fk_auth_user_id FOREIGN KEY (user_id) REFERENCES public.auth_user(id) DEFERRABLE INITIALLY DEFERRED;


-- Completed on 2026-05-14 22:56:22

--
-- PostgreSQL database dump complete
--

\unrestrict fmeabOVouJ5vMSM00GjaLYxaP3DeVFqytQg8G4DlHBpCvV9dXglvEfJf0xA0aiM

